id,organizacao_id,tipo,modalidade,instituicao_bancaria,ano_contratacao,indexador,taxa_real,valores_por_ano,moeda,created_at,updated_at
075cbc48-8034-4753-aaec-952726d579dc,131db844-18ab-4164-8d79-2c8eed2b12f1,OUTROS,INVESTIMENTOS,LUIZ WALKER,2023,PREFIXADO,9.5000,"{""0422834d-283e-415d-ba7d-c03dff34518f"": 920998, ""781c5f04-4b75-4dee-b83e-266f4c297845"": 920998, ""8d50aeb7-ed39-474c-9980-611af8ed44d1"": 920998}",BRL,2025-05-29 09:57:17.287166+00,2025-05-29 09:57:17.287166+00
0ce8cf04-60c5-4e99-9ab4-288e5da09d67,131db844-18ab-4164-8d79-2c8eed2b12f1,BANCO,INVESTIMENTOS,BANCO CNH INDUSTRIAL CAPITAL SA,2022,SELIC,5.1000,"{""0422834d-283e-415d-ba7d-c03dff34518f"": 8019250, ""34d47cd6-d8a3-4db9-b893-41fa92a3c982"": 1134862, ""55596d3e-d7a8-4566-a4b0-fd9241489e78"": 373499, ""5ec7f902-08f8-4b8b-b823-46d04779030a"": 373499, ""781c5f04-4b75-4dee-b83e-266f4c297845"": 8686225, ""8d50aeb7-ed39-474c-9980-611af8ed44d1"": 7022067, ""ee2fe91b-4695-45bf-b786-1b8944e45465"": 567784}",BRL,2025-05-29 09:57:17.287166+00,2025-05-29 09:57:17.287166+00
13426291-7173-4841-bed4-ab894f6affdc,131db844-18ab-4164-8d79-2c8eed2b12f1,OUTROS,INVESTIMENTOS,ANGELO ROQUE DE OLIVEIRA,2023,PREFIXADO,11.0000,"{""781c5f04-4b75-4dee-b83e-266f4c297845"": 278150}",BRL,2025-05-29 09:57:17.287166+00,2025-05-29 09:57:17.287166+00
137dfd1f-387a-448c-bd06-f66e4a23dbec,131db844-18ab-4164-8d79-2c8eed2b12f1,OUTROS,INVESTIMENTOS,AGI BRASIL INDUSTRIA E COMERCIO (2),2023,PREFIXADO,10.5000,"{""0422834d-283e-415d-ba7d-c03dff34518f"": 384686, ""781c5f04-4b75-4dee-b83e-266f4c297845"": 384686, ""8d50aeb7-ed39-474c-9980-611af8ed44d1"": 384686}",BRL,2025-05-29 09:57:17.287166+00,2025-05-29 09:57:17.287166+00
1cc94e4f-7054-45e3-b69a-2b46db7ad9b1,131db844-18ab-4164-8d79-2c8eed2b12f1,BANCO,INVESTIMENTOS,DESENBAHIA-AGENCIA DE FOMENTO DO ESTADO,2021,IPCA,3.8000,"{""0422834d-283e-415d-ba7d-c03dff34518f"": 1626384, ""34d47cd6-d8a3-4db9-b893-41fa92a3c982"": 1477584, ""55596d3e-d7a8-4566-a4b0-fd9241489e78"": 1061038, ""5ec7f902-08f8-4b8b-b823-46d04779030a"": 1061038, ""781c5f04-4b75-4dee-b83e-266f4c297845"": 1614727, ""8d50aeb7-ed39-474c-9980-611af8ed44d1"": 1477584, ""ee2fe91b-4695-45bf-b786-1b8944e45465"": 1477584}",BRL,2025-05-29 09:57:17.287166+00,2025-05-29 09:57:17.287166+00
20399c09-9ad0-4cea-99c2-0639db232786,131db844-18ab-4164-8d79-2c8eed2b12f1,OUTROS,INVESTIMENTOS,NEIMAR WALKER,2023,PREFIXADO,9.7000,"{""0422834d-283e-415d-ba7d-c03dff34518f"": 42160, ""781c5f04-4b75-4dee-b83e-266f4c297845"": 45459}",BRL,2025-05-29 09:57:17.287166+00,2025-05-29 09:57:17.287166+00
25d78aa6-5ce6-423e-9b06-c5934dc6964d,131db844-18ab-4164-8d79-2c8eed2b12f1,OUTROS,INVESTIMENTOS,ROTASILOS DO BRASIL IND E COMERCIO/ BAHIA,2022,PREFIXADO,8.9000,"{""0422834d-283e-415d-ba7d-c03dff34518f"": 162105, ""781c5f04-4b75-4dee-b83e-266f4c297845"": 679550, ""f9ca3ed0-dcc3-4092-be9b-a59ad1addbf7"": 590300}",BRL,2025-05-29 09:57:17.287166+00,2025-05-29 09:57:17.287166+00
2d8c85f4-7cb7-48b9-a793-8da0df6715c8,131db844-18ab-4164-8d79-2c8eed2b12f1,BANCO,INVESTIMENTOS,BANCO DAYCOVAL S.A,2023,TJLP,4.8000,"{""0422834d-283e-415d-ba7d-c03dff34518f"": 8846271, ""34d47cd6-d8a3-4db9-b893-41fa92a3c982"": 8846271, ""781c5f04-4b75-4dee-b83e-266f4c297845"": 8957068, ""8d50aeb7-ed39-474c-9980-611af8ed44d1"": 8846271}",BRL,2025-05-29 09:57:17.287166+00,2025-05-29 09:57:17.287166+00
36571fb3-5769-4c72-aa65-c841306ee032,131db844-18ab-4164-8d79-2c8eed2b12f1,BANCO,INVESTIMENTOS,SICREDI,2022,CDI,5.4000,"{""0422834d-283e-415d-ba7d-c03dff34518f"": 672986, ""34d47cd6-d8a3-4db9-b893-41fa92a3c982"": 672986, ""55596d3e-d7a8-4566-a4b0-fd9241489e78"": 392857, ""5ec7f902-08f8-4b8b-b823-46d04779030a"": 435079, ""781c5f04-4b75-4dee-b83e-266f4c297845"": 280129, ""8d50aeb7-ed39-474c-9980-611af8ed44d1"": 672986, ""ee2fe91b-4695-45bf-b786-1b8944e45465"": 435079}",BRL,2025-05-29 09:57:17.287166+00,2025-05-29 09:57:17.287166+00
4213c07c-4138-4101-a919-e2035c9111b7,131db844-18ab-4164-8d79-2c8eed2b12f1,BANCO,INVESTIMENTOS,BANCO VOLVO BRASIL S A,2023,TJLP,4.9000,"{""0422834d-283e-415d-ba7d-c03dff34518f"": 992345, ""781c5f04-4b75-4dee-b83e-266f4c297845"": 826018, ""8d50aeb7-ed39-474c-9980-611af8ed44d1"": 606158}",BRL,2025-05-29 09:57:17.287166+00,2025-05-29 09:57:17.287166+00
4280efdd-c912-467f-b0b2-9ec7876c90b5,131db844-18ab-4164-8d79-2c8eed2b12f1,OUTROS,CUSTEIO,ODIMAR ZANELLA,2024,PREFIXADO,12.0000,"{""f9ca3ed0-dcc3-4092-be9b-a59ad1addbf7"": 2000000}",BRL,2025-05-29 09:57:17.287166+00,2025-05-29 09:57:17.287166+00
4c52a97d-9ae3-45b1-b408-a5c1fde5bf86,131db844-18ab-4164-8d79-2c8eed2b12f1,BANCO,INVESTIMENTOS,CAIXA ECONOMICA FEDERAL,2022,TJLP,4.7000,"{""0422834d-283e-415d-ba7d-c03dff34518f"": 2575359, ""34d47cd6-d8a3-4db9-b893-41fa92a3c982"": 2575359, ""55596d3e-d7a8-4566-a4b0-fd9241489e78"": 1170556, ""5ec7f902-08f8-4b8b-b823-46d04779030a"": 1170556, ""781c5f04-4b75-4dee-b83e-266f4c297845"": 2575359, ""8d50aeb7-ed39-474c-9980-611af8ed44d1"": 2575359, ""ee2fe91b-4695-45bf-b786-1b8944e45465"": 1170556}",BRL,2025-05-29 09:57:17.287166+00,2025-05-29 09:57:17.287166+00
525fad36-5a79-42cb-b4fd-03ea34b6b94d,131db844-18ab-4164-8d79-2c8eed2b12f1,OUTROS,CUSTEIO,ALFREDO LUIZ WALKER,2024,PREFIXADO,11.5000,"{""f9ca3ed0-dcc3-4092-be9b-a59ad1addbf7"": 1000000}",BRL,2025-05-29 09:57:17.287166+00,2025-05-29 09:57:17.287166+00
602f1819-73be-4e86-bf4b-38f8f7626430,131db844-18ab-4164-8d79-2c8eed2b12f1,OUTROS,INVESTIMENTOS,AGREX DO BRASIL,2022,PREFIXADO,8.5000,"{""0422834d-283e-415d-ba7d-c03dff34518f"": 3000000, ""34d47cd6-d8a3-4db9-b893-41fa92a3c982"": 3000000, ""55596d3e-d7a8-4566-a4b0-fd9241489e78"": 3600000, ""5ec7f902-08f8-4b8b-b823-46d04779030a"": 3600000, ""781c5f04-4b75-4dee-b83e-266f4c297845"": 3000000, ""8d50aeb7-ed39-474c-9980-611af8ed44d1"": 3000000, ""ee2fe91b-4695-45bf-b786-1b8944e45465"": 3600000}",BRL,2025-05-29 09:57:17.287166+00,2025-05-29 09:57:17.287166+00
66f76655-f861-4a64-8d64-7a5aafce41d0,131db844-18ab-4164-8d79-2c8eed2b12f1,BANCO,CUSTEIO,BANCO CARGILL SA,2024,CDI,7.3000,"{""781c5f04-4b75-4dee-b83e-266f4c297845"": 16200000}",BRL,2025-05-29 09:57:17.287166+00,2025-05-29 09:57:17.287166+00
67760c69-cb45-4ccc-a784-8dbce09974a3,131db844-18ab-4164-8d79-2c8eed2b12f1,BANCO,CUSTEIO,BANCO SANTANDER BRASIL SA,2024,CDI,6.7000,"{""781c5f04-4b75-4dee-b83e-266f4c297845"": 34113067}",BRL,2025-05-29 09:57:17.287166+00,2025-05-29 09:57:17.287166+00
695f1ce9-1e08-4d41-839e-e0ba8897e51c,131db844-18ab-4164-8d79-2c8eed2b12f1,BANCO,INVESTIMENTOS,BANCO PINE S.A,2023,TJLP,4.5000,"{""0422834d-283e-415d-ba7d-c03dff34518f"": 3400000, ""34d47cd6-d8a3-4db9-b893-41fa92a3c982"": 3400000, ""781c5f04-4b75-4dee-b83e-266f4c297845"": 3400000, ""8d50aeb7-ed39-474c-9980-611af8ed44d1"": 3400000, ""ee2fe91b-4695-45bf-b786-1b8944e45465"": 3400000}",BRL,2025-05-29 09:57:17.287166+00,2025-05-29 09:57:17.287166+00
7eaf1f0f-1470-40e8-ae48-c9b40a87d2e0,131db844-18ab-4164-8d79-2c8eed2b12f1,BANCO,CUSTEIO,BANCO SAFRA,2024,CDI,6.6000,"{""781c5f04-4b75-4dee-b83e-266f4c297845"": 5214037}",BRL,2025-05-29 09:57:17.287166+00,2025-05-29 09:57:17.287166+00
7ef1b9cf-1808-415e-aa4c-6f92e1da36b5,131db844-18ab-4164-8d79-2c8eed2b12f1,OUTROS,CUSTEIO,ALFREDO LUIZ WALKER- CONTRATO SOJA,2024,PREFIXADO,11.8000,"{""f9ca3ed0-dcc3-4092-be9b-a59ad1addbf7"": 3600000}",BRL,2025-05-29 09:57:17.287166+00,2025-05-29 09:57:17.287166+00
7fa51bc1-6684-44c8-947d-0233b2fd3a68,131db844-18ab-4164-8d79-2c8eed2b12f1,BANCO,CUSTEIO,BANCO ABC BRASIL SA,2024,CDI,6.9000,"{""781c5f04-4b75-4dee-b83e-266f4c297845"": 2000000}",BRL,2025-05-29 09:57:17.287166+00,2025-05-29 09:57:17.287166+00
8480114f-368b-4cd3-8408-8e1eafc545ba,131db844-18ab-4164-8d79-2c8eed2b12f1,OUTROS,INVESTIMENTOS,ROTASILOS DO BRASIL IND E COMERCIO/ TOCANTINS,2022,PREFIXADO,9.2000,"{""0422834d-283e-415d-ba7d-c03dff34518f"": 1787895, ""781c5f04-4b75-4dee-b83e-266f4c297845"": 1370450, ""f9ca3ed0-dcc3-4092-be9b-a59ad1addbf7"": 1713700}",BRL,2025-05-29 09:57:17.287166+00,2025-05-29 09:57:17.287166+00
91e9bfad-13d1-4b61-86ea-35d33576c9f6,131db844-18ab-4164-8d79-2c8eed2b12f1,BANCO,CUSTEIO,SICREDI,2024,CDI,6.8000,"{""781c5f04-4b75-4dee-b83e-266f4c297845"": 14140000}",BRL,2025-05-29 09:57:17.287166+00,2025-05-29 09:57:17.287166+00
99909653-b7bf-4541-95c7-98c2046ad53d,131db844-18ab-4164-8d79-2c8eed2b12f1,BANCO,INVESTIMENTOS,DEUTSCHE SPARKASSEN LEASING DO BRASIL BANCO MULTIPLO,2022,IPCA,3.9000,"{""0422834d-283e-415d-ba7d-c03dff34518f"": 724444, ""34d47cd6-d8a3-4db9-b893-41fa92a3c982"": 724444, ""55596d3e-d7a8-4566-a4b0-fd9241489e78"": 724444, ""5ec7f902-08f8-4b8b-b823-46d04779030a"": 724444, ""781c5f04-4b75-4dee-b83e-266f4c297845"": 724444, ""8d50aeb7-ed39-474c-9980-611af8ed44d1"": 724444, ""ee2fe91b-4695-45bf-b786-1b8944e45465"": 724444}",BRL,2025-05-29 09:57:17.287166+00,2025-05-29 09:57:17.287166+00
a52f9f55-dd48-469a-bf92-abbbb278fbf7,131db844-18ab-4164-8d79-2c8eed2b12f1,BANCO,INVESTIMENTOS,AYMORE CREDITO FINANCIAMENTO E INVESTIM.,2023,CDI,6.2000,"{""0422834d-283e-415d-ba7d-c03dff34518f"": 13197, ""781c5f04-4b75-4dee-b83e-266f4c297845"": 47146}",BRL,2025-05-29 09:57:17.287166+00,2025-05-29 09:57:17.287166+00
aa4b27bf-93f3-43bf-ac60-89599677a72e,131db844-18ab-4164-8d79-2c8eed2b12f1,BANCO,INVESTIMENTOS,BANCO SANTANDER BRASIL SA,2022,SELIC,5.6000,"{""0422834d-283e-415d-ba7d-c03dff34518f"": 4849603, ""34d47cd6-d8a3-4db9-b893-41fa92a3c982"": 642857, ""781c5f04-4b75-4dee-b83e-266f4c297845"": 4917787, ""8d50aeb7-ed39-474c-9980-611af8ed44d1"": 4434857}",BRL,2025-05-29 09:57:17.287166+00,2025-05-29 09:57:17.287166+00
ac65c3a4-a186-42b4-a607-9470fceb254f,131db844-18ab-4164-8d79-2c8eed2b12f1,OUTROS,INVESTIMENTOS,BAUER DO BRASIL SISTEMAS DE IRRIGAÇÃO,2023,PREFIXADO,10.8000,"{""781c5f04-4b75-4dee-b83e-266f4c297845"": 1110000}",BRL,2025-05-29 09:57:17.287166+00,2025-05-29 09:57:17.287166+00
af0fc40f-62c1-40d2-8d88-09da478e29cc,131db844-18ab-4164-8d79-2c8eed2b12f1,BANCO,INVESTIMENTOS,BANCO BRADESCO FINANCIAMENTOS S.A,2023,SELIC,5.2000,"{""0422834d-283e-415d-ba7d-c03dff34518f"": 55018, ""781c5f04-4b75-4dee-b83e-266f4c297845"": 143743}",BRL,2025-05-29 09:57:17.287166+00,2025-05-29 09:57:17.287166+00
b2bd6118-4ada-4ada-b9ff-6a4d4e3e7d34,131db844-18ab-4164-8d79-2c8eed2b12f1,OUTROS,INVESTIMENTOS,BADALOTTI METALURGICA E ENGENHARIA/ TOCANTINS,2023,PREFIXADO,10.1000,"{""781c5f04-4b75-4dee-b83e-266f4c297845"": 943000, ""f9ca3ed0-dcc3-4092-be9b-a59ad1addbf7"": 471500}",BRL,2025-05-29 09:57:17.287166+00,2025-05-29 09:57:17.287166+00
c7d94634-8095-4041-b332-657d568afcb5,131db844-18ab-4164-8d79-2c8eed2b12f1,OUTROS,INVESTIMENTOS,BADALOTTI METALURGICA E ENGENHARIA/ BAHIA,2023,PREFIXADO,9.8000,"{""0422834d-283e-415d-ba7d-c03dff34518f"": 357500, ""34d47cd6-d8a3-4db9-b893-41fa92a3c982"": 422500, ""781c5f04-4b75-4dee-b83e-266f4c297845"": 357500, ""8d50aeb7-ed39-474c-9980-611af8ed44d1"": 422500}",BRL,2025-05-29 09:57:17.287166+00,2025-05-29 09:57:17.287166+00
cd3a878d-b938-4de6-b09c-2d0199774e25,131db844-18ab-4164-8d79-2c8eed2b12f1,OUTROS,CUSTEIO,GLENIO GIOMAR HERMANN,2024,PREFIXADO,12.2000,"{""f9ca3ed0-dcc3-4092-be9b-a59ad1addbf7"": 3400000}",BRL,2025-05-29 09:57:17.287166+00,2025-05-29 09:57:17.287166+00
d29ba8a7-68ef-4fa9-be4e-7c9faece64d9,131db844-18ab-4164-8d79-2c8eed2b12f1,BANCO,CUSTEIO,BANCO DO BRASIL S.A.,2024,CDI,7.2000,"{""0422834d-283e-415d-ba7d-c03dff34518f"": 1787967, ""781c5f04-4b75-4dee-b83e-266f4c297845"": 37329408}",BRL,2025-05-29 09:57:17.287166+00,2025-05-29 09:57:17.287166+00
d321301e-7e0b-45aa-b2d6-57a69603c657,131db844-18ab-4164-8d79-2c8eed2b12f1,BANCO,INVESTIMENTOS,BANCO DO BRASIL S.A.,2021,TJLP,4.3000,"{""0422834d-283e-415d-ba7d-c03dff34518f"": 14030604, ""34d47cd6-d8a3-4db9-b893-41fa92a3c982"": 13987467, ""55596d3e-d7a8-4566-a4b0-fd9241489e78"": 2098167, ""5ec7f902-08f8-4b8b-b823-46d04779030a"": 2433167, ""781c5f04-4b75-4dee-b83e-266f4c297845"": 12639271, ""8d50aeb7-ed39-474c-9980-611af8ed44d1"": 13987467, ""ee2fe91b-4695-45bf-b786-1b8944e45465"": 5913167}",BRL,2025-05-29 09:57:17.287166+00,2025-05-29 09:57:17.287166+00
de381254-426c-4d32-864b-6c78889f1108,131db844-18ab-4164-8d79-2c8eed2b12f1,BANCO,INVESTIMENTOS,BANCO BRADESCO S.A.,2021,SELIC,5.3000,"{""0422834d-283e-415d-ba7d-c03dff34518f"": 7585215, ""34d47cd6-d8a3-4db9-b893-41fa92a3c982"": 7375715, ""55596d3e-d7a8-4566-a4b0-fd9241489e78"": 163238, ""5ec7f902-08f8-4b8b-b823-46d04779030a"": 163238, ""781c5f04-4b75-4dee-b83e-266f4c297845"": 7585215, ""8d50aeb7-ed39-474c-9980-611af8ed44d1"": 7535715, ""ee2fe91b-4695-45bf-b786-1b8944e45465"": 6567037}",BRL,2025-05-29 09:57:17.287166+00,2025-05-29 09:57:17.287166+00
e4ff8e49-ae63-4f49-8db1-ae4447b1106f,131db844-18ab-4164-8d79-2c8eed2b12f1,OUTROS,INVESTIMENTOS,AGI BRASIL INDUSTRIA E COMERCIO,2023,PREFIXADO,10.2000,"{""781c5f04-4b75-4dee-b83e-266f4c297845"": 81600, ""f9ca3ed0-dcc3-4092-be9b-a59ad1addbf7"": 27200}",BRL,2025-05-29 09:57:17.287166+00,2025-05-29 09:57:17.287166+00
e86c3b10-53af-4431-a00d-e6f7672fed95,131db844-18ab-4164-8d79-2c8eed2b12f1,OUTROS,CUSTEIO,LUIZ WALKER (2),2024,PREFIXADO,11.2000,"{""f9ca3ed0-dcc3-4092-be9b-a59ad1addbf7"": 1200000}",BRL,2025-05-29 09:57:17.287166+00,2025-05-29 09:57:17.287166+00
ec1d6626-93ee-40c4-9191-877fddd3b166,131db844-18ab-4164-8d79-2c8eed2b12f1,BANCO,CUSTEIO,BANCO BRADESCO S.A.,2024,CDI,7.0000,"{""781c5f04-4b75-4dee-b83e-266f4c297845"": 309686}",BRL,2025-05-29 09:57:17.287166+00,2025-05-29 09:57:17.287166+00
fe384628-2a76-4444-af70-204b7d766c0f,131db844-18ab-4164-8d79-2c8eed2b12f1,BANCO,CUSTEIO,CAIXA ECONÔMICA FEDERAL,2024,CDI,6.5000,"{""781c5f04-4b75-4dee-b83e-266f4c297845"": 17576667}",BRL,2025-05-29 09:57:17.287166+00,2025-05-29 09:57:17.287166+00